Workbook

Sheet Sheet1
A1: STUDENT ID | B1: NAME | C1: DEPT | D1: MATHS | E1: ENGLISH | F1: PHY | G1: BIO | H1: CHE | I1: AGRIC | J1: GEO | K1: Average | L1: Rank
A2: IKT34 | B2: Adeola Musa | C2: Computer Science | D2: 78 | E2: 65 | F2: 44 | G2: 74 | H2: 69 | I2: 55 | J2: 60 | K2: =AVERAGE(D2:J2) -> 63.571429 | L2: =RANK(K2,$K$2:$K$31,0) -> 24
A3: IKT02 | B3: Tunde Balogun | C3: Accounting | D3: 55 | E3: 60 | F3: 48 | G3: 52 | H3: 72 | I3: 67 | J3: 58 | K3: =AVERAGE(D3:J3) -> 58.857143 | L3: =RANK(K3,$K$2:$K$31,0) -> 30
A4: IKT89 | B4: Chioma Okeke | C4: Biology | D4: 85 | E4: 79 | F4: 74 | G4: 88 | H4: 81 | I4: 70 | J4: 72 | K4: =AVERAGE(D4:J4) -> 78.428571 | L4: =RANK(K4,$K$2:$K$31,0) -> 1
A5: IKT11 | B5: Ibrahim Bello | C5: Engineering | D5: 90 | E5: 76 | F5: 88 | G5: 55 | H5: 84 | I5: 73 | J5: 75 | K5: =AVERAGE(D5:J5) -> 77.285714 | L5: =RANK(K5,$K$2:$K$31,0) -> 3
A6: IKT53 | B6: Ngozi Eze | C6: Economics | D6: 62 | E6: 70 | F6: 58 | G6: 60 | H6: 64 | I6: 66 | J6: 59 | K6: =AVERAGE(D6:J6) -> 62.714286 | L6: =RANK(K6,$K$2:$K$31,0) -> 26
A7: IKT27 | B7: Samuel Adeyemi | C7: Geography | D7: 71 | E7: 68 | F7: 72 | G7: 65 | H7: 60 | I7: 75 | J7: 44 | K7: =AVERAGE(D7:J7) -> 65 | L7: =RANK(K7,$K$2:$K$31,0) -> 23
A8: IKT75 | B8: Ruth Akinwale | C8: Microbiology | D8: 44 | E8: 74 | F8: 78 | G8: 82 | H8: 77 | I8: 69 | J8: 70 | K8: =AVERAGE(D8:J8) -> 70.571429 | L8: =RANK(K8,$K$2:$K$31,0) -> 13
A9: IKT20 | B9: Emeka Obi | C9: Physics | D9: 44 | E9: 66 | F9: 91 | G9: 73 | H9: 85 | I9: 60 | J9: 64 | K9: =AVERAGE(D9:J9) -> 69 | L9: =RANK(K9,$K$2:$K$31,0) -> 16
A10: IKT61 | B10: Zainab Sadiq | C10: Chemistry | D10: 73 | E10: 70 | F10: 75 | G10: 68 | H10: 80 | I10: 65 | J10: 69 | K10: =AVERAGE(D10:J10) -> 71.428571 | L10: =RANK(K10,$K$2:$K$31,0) -> 9
A11: IKT08 | B11: David Ojo | C11: Engineering | D11: 44 | E11: 77 | F11: 55 | G11: 79 | H11: 81 | I11: 72 | J11: 74 | K11: =AVERAGE(D11:J11) -> 68.857143 | L11: =RANK(K11,$K$2:$K$31,0) -> 17
A12: IKT44 | B12: Grace Nwosu | C12: Biology | D12: 56 | E12: 72 | F12: 65 | G12: 70 | H12: 68 | I12: 64 | J12: 66 | K12: =AVERAGE(D12:J12) -> 65.857143 | L12: =RANK(K12,$K$2:$K$31,0) -> 22
A13: IKT92 | B13: Kingsley Uche | C13: Computer Science | D13: 75 | E13: 71 | F13: 66 | G13: 74 | H13: 72 | I13: 69 | J13: 70 | K13: =AVERAGE(D13:J13) -> 71 | L13: =RANK(K13,$K$2:$K$31,0) -> 12
... A31: IKT01 | B31: Fatima Lawal | C31: Economics | D31: 72 | E31: 75 | F31: 70 | G31: 68 | H31: 73 | I31: 77 | J31: 69 | K31: =AVERAGE(D31:J31) -> 72 | L31: =RANK(K31,$K$2:$K$31,0) -> 7

Sheet Report Card
H2: Al-Amin Global School
G3: Session Report Card
B5: Student Id | C5: IKT12
B6: Name | C6: =VLOOKUP(C5,Sheet1!A1:J31,2,FALSE) -> Lilian Obi
B7: Department | C7: =VLOOKUP(C5,Sheet1!A1:J31,3,FALSE) -> Accounting
D12: S/N | E12: Subjects | F12: Score | G12: Grade
D13: 1 | E13: MATHS | F13: =INDEX(Sheet1!D$2:D$31,MATCH('Report Card'!$C$5,Sheet1!$A$2:$A$31,0)) -> 65 | G13: =IF(Table1[[#This Row],[Score]]<45,"Fail",IF(Table1[[#This Row],[Score]]<=55,"Pass",IF(Table1[[#This Row],[Score]]<=65,"Good",IF(Table1[[#This Row],[Score]]<=80,"Very Good",IF(Table1[[#This Row],[Score]]>80,"Excellent"))))) -> Good
D14: 2 | E14: ENGLISH | F14: =VLOOKUP(C5,Sheet1!A1:J31,5,FALSE) -> 70 | G14: =IF(Table1[[#This Row],[Score]]<45,"Fail",IF(Table1[[#This Row],[Score]]<=55,"Pass",IF(Table1[[#This Row],[Score]]<=65,"Good",IF(Table1[[#This Row],[Score]]<=80,"Very Good",IF(Table1[[#This Row],[Score]]>80,"Excellent"))))) -> Very Good
D15: 3 | E15: PHY | F15: =INDEX(Sheet1!F$2:F$31,MATCH('Report Card'!$C$5,Sheet1!$A$2:$A$31,0)) -> 60 | G15: =IF(Table1[[#This Row],[Score]]<45,"Fail",IF(Table1[[#This Row],[Score]]<=55,"Pass",IF(Table1[[#This Row],[Score]]<=65,"Good",IF(Table1[[#This Row],[Score]]<=80,"Very Good",IF(Table1[[#This Row],[Score]]>80,"Excellent"))))) -> Good
D16: 4 | E16: BIO | F16: =VLOOKUP(C5,Sheet1!A1:J31,7,FALSE) -> 62 | G16: =IF(Table1[[#This Row],[Score]]<45,"Fail",IF(Table1[[#This Row],[Score]]<=55,"Pass",IF(Table1[[#This Row],[Score]]<=65,"Good",IF(Table1[[#This Row],[Score]]<=80,"Very Good",IF(Table1[[#This Row],[Score]]>80,"Excellent"))))) -> Good
D17: 5 | E17: CHE | F17: =INDEX(Sheet1!H$2:H$31,MATCH('Report Card'!$C$5,Sheet1!$A$2:$A$31,0)) -> 68 | G17: =IF(Table1[[#This Row],[Score]]<45,"Fail",IF(Table1[[#This Row],[Score]]<=55,"Pass",IF(Table1[[#This Row],[Score]]<=65,"Good",IF(Table1[[#This Row],[Score]]<=80,"Very Good",IF(Table1[[#This Row],[Score]]>80,"Excellent"))))) -> Very Good
D18: 6 | E18: AGRIC | F18: =VLOOKUP(C5,Sheet1!A1:J31,9,FALSE) -> 55 | G18: =IF(Table1[[#This Row],[Score]]<45,"Fail",IF(Table1[[#This Row],[Score]]<=55,"Pass",IF(Table1[[#This Row],[Score]]<=65,"Good",IF(Table1[[#This Row],[Score]]<=80,"Very Good",IF(Table1[[#This Row],[Score]]>80,"Excellent"))))) -> Pass
D19: 7 | E19: GEO | F19: =VLOOKUP(C5,Sheet1!A1:J31,10,FALSE) -> 64 | G19: =IF(Table1[[#This Row],[Score]]<45,"Fail",IF(Table1[[#This Row],[Score]]<=55,"Pass",IF(Table1[[#This Row],[Score]]<=65,"Good",IF(Table1[[#This Row],[Score]]<=80,"Very Good",IF(Table1[[#This Row],[Score]]>80,"Excellent"))))) -> Good
E20: Total | F20: =SUM(F13:F19) -> 444
D22: Total Mark Obtainable | E22: 700
D23: Total Mark Obtained | E23: =SUM(F13:F19) -> 444
D24: Percentage | E24: =E23/E22 -> 0.63428571
D25: Position | E25: =INDEX(Sheet1!L$2:L$31,MATCH('Report Card'!$C$5,Sheet1!$A$2:$A$31,0)) -> 25
D26: Comment | E26: =IF(E24<45%,"Fail",IF(E24<=55%,"Pass",IF(E24<=65%,"Good",IF(E24<=80%,"Very Good",IF(E24>80%,"Excellent"))))) -> Good
E27: =IF(E26>45%,"Promoted","Repeat") -> Promoted
